workshop_date,n
2020-01-13T00:00:00Z,46
2020-01-14T00:00:00Z,29
2020-01-15T00:00:00Z,38
2020-01-23T00:00:00Z,14
2020-01-28T00:00:00Z,7
2020-01-29T00:00:00Z,53
2020-01-30T00:00:00Z,35
2020-02-03T00:00:00Z,29
2020-02-04T00:00:00Z,21
2020-02-06T00:00:00Z,4
2020-02-10T00:00:00Z,12
2020-02-12T00:00:00Z,24
2020-02-14T00:00:00Z,29
2020-02-17T00:00:00Z,9
2020-02-18T00:00:00Z,19
2020-02-19T00:00:00Z,63
2020-02-24T00:00:00Z,9
2020-02-26T00:00:00Z,41
2020-03-02T00:00:00Z,150
2020-03-17T00:00:00Z,45
2020-03-18T00:00:00Z,38
2020-03-20T00:00:00Z,20
2020-03-24T00:00:00Z,66
2020-03-25T00:00:00Z,11
2020-03-31T00:00:00Z,170
2020-04-07T00:00:00Z,127
2020-09-01T00:00:00Z,78
2020-09-09T00:00:00Z,179
2020-09-10T00:00:00Z,45
2020-09-11T00:00:00Z,19
2020-09-16T00:00:00Z,8
2020-09-18T00:00:00Z,43
2020-09-23T00:00:00Z,26
2020-09-25T00:00:00Z,32
2020-09-30T00:00:00Z,13
2020-10-01T00:00:00Z,78
2020-10-05T00:00:00Z,11
2020-10-07T00:00:00Z,23
2020-10-14T00:00:00Z,116
2020-10-21T00:00:00Z,15
2020-10-22T00:00:00Z,20
2021-01-27T00:00:00Z,1
2021-01-28T00:00:00Z,75
2021-02-01T00:00:00Z,43
2021-02-03T00:00:00Z,31
2021-02-04T00:00:00Z,57
2021-02-08T00:00:00Z,57
2021-02-09T00:00:00Z,15
2021-02-10T00:00:00Z,127
2021-02-11T00:00:00Z,37
2021-02-15T00:00:00Z,38
2021-02-17T00:00:00Z,45
2021-02-22T00:00:00Z,59
2021-02-25T00:00:00Z,48
2021-03-03T00:00:00Z,140
2021-03-04T00:00:00Z,34
2021-03-16T00:00:00Z,74
2021-03-17T00:00:00Z,88
2021-03-23T00:00:00Z,39
2021-03-25T00:00:00Z,63
2021-03-30T00:00:00Z,46
2021-04-01T00:00:00Z,188
2021-04-06T00:00:00Z,25
2021-04-14T00:00:00Z,136
2021-04-15T00:00:00Z,37
2021-08-26T00:00:00Z,144
2021-09-08T00:00:00Z,33
2021-09-09T00:00:00Z,134
2021-09-13T00:00:00Z,101
2021-09-14T00:00:00Z,31
2021-09-20T00:00:00Z,26
2021-09-21T00:00:00Z,170
2021-09-22T00:00:00Z,6
2021-09-23T00:00:00Z,4
2021-09-24T00:00:00Z,29
2021-09-27T00:00:00Z,74
2021-09-28T00:00:00Z,19
2021-09-30T00:00:00Z,9
2021-10-06T00:00:00Z,30
2021-10-07T00:00:00Z,9
2021-10-13T00:00:00Z,117
2021-10-21T00:00:00Z,18
2021-10-26T00:00:00Z,30
2021-11-09T00:00:00Z,49
2022-01-18T00:00:00Z,151
2022-01-20T00:00:00Z,85
2022-01-21T00:00:00Z,85
2022-01-24T00:00:00Z,66
2022-01-26T00:00:00Z,49
2022-01-28T00:00:00Z,37
2022-01-31T00:00:00Z,52
2022-02-02T00:00:00Z,16
2022-02-04T00:00:00Z,17
2022-02-07T00:00:00Z,46
2022-02-11T00:00:00Z,67
2022-02-15T00:00:00Z,58
2022-02-16T00:00:00Z,44
2022-02-22T00:00:00Z,243
2022-02-23T00:00:00Z,50
2022-03-03T00:00:00Z,127
2022-03-15T00:00:00Z,56
2022-03-16T00:00:00Z,62
2022-03-22T00:00:00Z,60
2022-03-23T00:00:00Z,71
2022-03-29T00:00:00Z,75
2022-04-07T00:00:00Z,52
2022-09-13T00:00:00Z,119
2022-09-14T00:00:00Z,139
2022-09-15T00:00:00Z,93
2022-09-21T00:00:00Z,35
2022-09-22T00:00:00Z,75
2022-09-27T00:00:00Z,26
2022-09-28T00:00:00Z,46
2022-09-29T00:00:00Z,156
2022-10-04T00:00:00Z,48
2022-10-05T00:00:00Z,16
2022-10-06T00:00:00Z,31
2022-10-11T00:00:00Z,100
2022-10-12T00:00:00Z,43
2022-10-18T00:00:00Z,19
2022-10-19T00:00:00Z,98
2022-10-26T00:00:00Z,55
2022-11-03T00:00:00Z,1
2022-11-17T00:00:00Z,1
